城市,媒体名,首页网址,,,,,数据来源：http://www.360doc.com/content/12/0128/07/4310958_182232219.shtml
北京,法制晚报,http://www.fawan.com/,,,,,
,京报网(北京日报),http://www.bjd.com.cn/,,,,,
,新京报网,http://www.bjnews.com.cn/,,,,,
,京华网,http://www.jinghua.cn/,,,,,
,北京青年报,http://www.ynet.com/,,,,,
,千龙网,http://www.qianlong.com/,,,,,
,北京广播网,http://www.rbc.cn/,,,,,
,北京晨报,http://www.morningpost.com.cn/,,,,,
,北京社区报,http://www.bjsqb.net/,,,,,
,华夏时报,http://www.chinatimes.cc/,,,,,
,北京电视台,http://www.btv.com.cn/,,,,,
上海,上海热线,http://www.online.sh.cn/,,,,,
,新民网,http://www.xinmin.cn/,,,,,
,上海广播电视台,http://www.smg.cn/,,,,,
,东方早报,http://www.dfdaily.com/,,,,,
,外滩画报,http://www.bundpic.com/,,,,,
,东方网,http://www.eastday.com/,,,,,
,文新传媒,http://www.news365.com.cn/,,,,,
,新民晚报,http://xmwb.news365.com.cn/,,,,,
,文汇报,http://www.news365.com.cn/whb/index.htm,,,,,
,每日经济新闻,http://www.nbd.com.cn/,,,,,
,东方卫视,http://www.dragontv.cn/,,,,,
,解放牛网,http://www.jfdaily.com/,,,,,
,上海金融报,http://www.shfinancialnews.com/,,,,,
,上海I时代报,http://www.metrosh.com/,,,,,
天津,天津网,http://www.tianjinwe.com/,,,,,
,天津北方网,http://www.enorth.com.cn/,,,,,
,天津热线,http://www.online.tj.cn/,,,,,
,天津电视台,http://www.tjtv.com.cn/,,,,,
,今晚报,http://www.jwb.com.cn/,,,,,
重庆,华龙网,http://www.cqnews.net/,,,,,
,重庆热线,http://www.online.cq.cn/,,,,,
,重庆之窗,http://news.cqwin.com/news/index.html,,,,,
,大渝网,http://cq.qq.com/,,,,,
,重庆时报,http://cqsb.hsw.cn/,,,,,
,重庆晨网,http://www.cqcb.com/,,,,,
,经典重庆,http://www.classic023.com/,,,,,
,重庆商报,http://cqsb.cqnews.net/,,,,,
,电脑报,http://www.icpcw.com/,,,,,
广东,南方网,http://www.southcn.com/,,,,,
,奥一网(南方报业),http://www.oeeee.com/,,,,,
,广州视窗,http://www.gznet.com/,,,,,
,深圳之窗,http://www.sz.net.cn/,,,,,
,金羊网,http://www.ycwb.com/,,,,,
,南方报网,http://www.nfdaily.cn/,,,,,
,大洋网,http://www.dayoo.com/,,,,,
,新快网,http://www.xkb.com.cn/,,,,,
,深圳新闻网,http://www.sznews.com/,,,,,
,南方周末,http://www.infzm.com/,,,,,
,大华网,http://www.dahuawang.com/,,,,,
,中山网,http://www.zsnews.cn/,,,,,
,碧海银沙,http://www.yinsha.com/,,,,,
,南方电视台,http://www.tvscn.com/,,,,,
,广东电视台,http://www.gdtv.com.cn/,,,,,
,南都周刊,http://www.nbweekly.com/,,,,,
,广东新闻[英],http://www.newsgd.com/,,,,,
,珠海新闻网,http://www.zhnews.net/,,,,,
,深圳晚报,http://wb.sznews.com/,,,,,
河北,燕赵都市报,http://www.yzdsb.com.cn/,,,,,
,银河网,http://www.inhe.net/,,,,,
,石家庄新闻网,http://www.sjzdaily.com.cn/,,,,,
,河北电视台,http://www.hebtv.com/,,,,,
,长城网,http://www.hebei.com.cn/,,,,,
,河北新闻网,http://www.hebnews.cn/,,,,,
,河北青年报,http://www.hbqnb.com/,,,,,
,邯郸在线,http://www.hdol.cn/,,,,,
,河北法制网,http://www.hbfzb.com/,,,,,
,保定热线,http://www.bdinfo.net/,,,,,
,河北广播网,http://www.hebradio.com/,,,,,
,张家口新闻网,http://www.zjknews.com/,,,,,
,邯郸之窗,http://www.hdzc.net/,,,,,
山西,山西新闻网,http://www.daynews.com.cn/,,,,,
,山西青年报,http://www.sxqnb.com.cn/,,,,,
,太原新闻网,http://www.tynews.com.cn/,,,,,
,山西广播电视台,http://www.sxrtv.com/,,,,,
,三晋都市报,http://www.daynews.com.cn/sjdsb/,,,,,
,山西日报,http://epaper.daynews.com.cn/shtml/index_sxrb.shtml,,,,,
,黄河新闻网,http://www.sxgov.cn/,,,,,
,大同热线,http://www.dtrx.cn/,,,,,
,晋城在线,http://www.jconline.cn/,,,,,
内蒙古,内蒙古新闻网,http://www.nmgnews.com.cn/,,,,,
,北方新闻网,http://www.northnews.cn/,,,,,
,内蒙古电视网,http://www.nmtv.cn/,,,,,
,呼伦贝尔日报网,http://www.hlbrdaily.com.cn/,,,,,
辽宁,北国网,http://www.lnd.com.cn/,,,,,
,东北新闻网,http://www.nen.com.cn/,,,,,
,沈阳网,http://www.syd.com.cn/,,,,,
,大连海力网,http://www.hilizi.com/,,,,,
,大连新闻网,http://www.dlxww.com/,,,,,
,辽宁日报,http://epaper.lnd.com.cn/,,,,,
,辽一网,http://www.liao1.com/,,,,,
,千华网,http://www.qianhuaweb.com/,,,,,
,大连晚报,http://www.dlwb.com.cn/,,,,,
,半岛晨报,http://epaper.hilizi.com/,,,,,
吉林,中国吉林网,http://www.chinajilin.com.cn/,,,,,
,东亚网,http://www.dyxw.com/,,,,,
,新文化网,http://www.xwhb.com/,,,,,
,延边信息港,http://www.yb983.com/,,,,,
,吉林电视网,http://www.jilintv.com.cn/,,,,,
黑龙江,东北网,http://www.dbw.cn/,,,,,
,黑龙江新闻网,http://www.hljnews.cn/,,,,,
,黑龙江信息港,http://www.hlj.net/,,,,,
,哈尔滨日报,http://www.harbindaily.com/,,,,,
,黑龙江电视台,http://www.hljtv.com/,,,,,
,龙广在线,http://www.hljradio.com/,,,,,
,哈尔滨新闻网,http://www.my399.com/,,,,,
,大庆网,http://www.dqdaily.com/,,,,,
江苏,新华报业网,http://www.xhby.net/,,,,,
,金陵热线,http://www.jlonline.com/,,,,,
,中国江苏网,http://www.jschina.com.cn/,,,,,
,江苏音符,http://news.jsinfo.net/,,,,,
,江苏法制报,http://www.jslegal.com/,,,,,
,扬子晚报网,http://www.yangtse.com/,,,,,
,龙虎网,http://www.longhoo.net/,,,,,
,南京报业网,http://www.njnews.cn/,,,,,
,淮安新闻网,http://www.hynews.net/,,,,,
,江苏广播电视网,http://www.jsbc.com/,,,,,
,扬州网,http://www.yznews.com.cn/,,,,,
,连云港传媒网,http://www.lygmedia.com/,,,,,
浙江,浙江在线,http://www.zjol.com.cn/,,,,,
,杭州网,http://www.hangzhou.com.cn/,,,,,
,浙江卫视,http://www.zjstv.com/,,,,,
,浙江都市网,http://www.zj.com/,,,,,
,温州网,http://www.66wz.com/,,,,,
,中国宁波网,http://www.cnnb.com.cn/,,,,,
,金华新闻网,http://www.jhnews.com.cn/,,,,,
,义乌新闻网,http://www.ywnews.cn/,,,,,
,湖州在线,http://www.hz66.com/,,,,,
,嘉兴在线,http://www.cnjxol.com/,,,,,
,绍兴网,http://www.shaoxing.com.cn/,,,,,
,东方热线,http://www.cnool.net/,,,,,
,萧山网,http://www.xsnet.cn/,,,,,
,下沙网,http://www.xiashanet.com/,,,,,
,慈溪网,http://www.zxip.com/,,,,,
,华数在线,http://www.hzcnc.com/,,,,,
,衢州新闻网,http://www.qz828.com/,,,,,
,东南商报,http://www.dnsb.com.cn/,,,,,
,钱江晚报,http://qjwb.zjol.com.cn/,,,,,
安徽,中安在线,http://www.anhuinews.com/,,,,,
,合肥热线,http://www.hefei.cc/,,,,,
,合肥在线,http://www.hf365.com/,,,,,
,阜阳168网,http://www.fy168.cc/,,,,,
,E滁洲,http://www.echuzhou.cn/,,,,,
,安徽网络电视台,http://www.ahtv.cn/,,,,,
,安徽日报,http://epaper.anhuinews.com/ahrb.aspx,,,,,
,新安晚报,http://epaper.anhuinews.com/xawb.aspx,,,,,
,安徽法制报,http://epaper.anhuinews.com/ahfzb.aspx,,,,,
,江淮时报,http://epaper.anhuinews.com/jhsb.aspx,,,,,
福建,东南网,http://www.fjsen.com/,,,,,
,海峡都市报,http://www.nhaidu.com/,,,,,
,台海网,http://www.taihainet.com/,,,,,
,厦门网,http://www.xmnn.cn/,,,,,
,福州新闻网,http://www.fznews.com.cn/,,,,,
,福建之窗,http://www.66163.com/,,,,,
,东南快报,http://www.dnkb.com.cn/,,,,,
,福建热线,http://www.fjii.com/,,,,,
,福建广播影视集团,http://www.fjtv.net/,,,,,
,泉州网,http://www.qzwb.com/,,,,,
江西,大江网,http://www.jxnews.com.cn/,,,,,
,中国江西新闻网,http://www.jxcn.cn/,,,,,
,江西热线,http://www.jx163.com/,,,,,
,今视网(江西电视台),http://www.jxgdw.com/,,,,,
,南昌新闻网,http://www.ncnews.com.cn/,,,,,
,江西都市报,http://www.jxnews.com.cn/jndsb/,,,,,
,江西日报,http://www.jxnews.com.cn/jxrb/,,,,,
,江西广播网,http://radio.jxgdw.com/,,,,,
,九江新闻网,http://www.jjxw.cn/,,,,,
,上饶之窗,http://www.srzc.com/,,,,,
山东,齐鲁晚报,http://www.qlwb.com.cn/,,,,,
,中国山东网,http://www.sdchina.com/,,,,,
,齐鲁热线,http://www.sdinfo.net/,,,,,
,山东电视台,http://www.sdtv.com.cn/,,,,,
,山东新闻网,http://www.sdnews.com.cn/,,,,,
,济南时报,http://jnsb.e23.cn/,,,,,
,舜网,http://www.e23.cn/,,,,,
,齐鲁网,http://www.iqilu.com/,,,,,
,大众网,http://www.dzwww.com/,,,,,
,鲁北热线,http://www.dzcnc.com/,,,,,
,青岛新闻网,http://www.qingdaonews.com/,,,,,
,烟台水母网,http://www.shm.com.cn/,,,,,
,威海新闻网,http://www.whnews.cn/,,,,,
,潍坊新闻网,http://www.wfnews.com.cn/,,,,,
,鲁中网,http://www.lznews.cn/,,,,,
,青岛半岛网,http://www.bandao.cn/,,,,,
,青岛传媒网,http://www.qingdaomedia.com/,,,,,
,胶东在线,http://www.jiaodong.net/,,,,,
,聊城新闻网,http://www.lcxw.cn/,,,,,
河南,商都网,http://www.shangdu.com/,,,,,
,大河网,http://www.dahe.cn/,,,,,
,河南电视网,http://www.hntv.ha.cn/,,,,,
,东方今报,http://www.jinbw.com.cn/,,,,,
,中原网,http://www.zynews.com/,,,,,
,洛阳网,http://www.lyd.com.cn/,,,,,
,河南广播网,http://www.radiohenan.com/,,,,,
,南阳网,http://www.01ny.cn/,,,,,
,开封网,http://www.kf.cn/,,,,,
湖北,荆楚网,http://www.cnhubei.com/,,,,,
,汉网,http://www.cnhan.com/,,,,,
,武汉热线,http://www.wuhan.net.cn/,,,,,
,湖北网络广播电视台,http://www.hbtv.com.cn/,,,,,
,长江网,http://www.cjn.cn/,,,,,
,楚天都市报,http://ctdsb.cnhubei.com/,,,,,
,武汉晚报,http://cjmp.cnhan.com/whwb,,,,,
,大楚网,http://hb.qq.com/,,,,,
,宜昌三峡传媒网,http://www.cn3x.com.cn/,,,,,
,恩施新闻网,http://www.enshi.cn/,,,,,
,荆州新闻网,http://www.jznews.com.cn/,,,,,
,三峡新闻网,http://www.sxxw.net/,,,,,
,武汉晨报,http://cjmp.cnhan.com/whcb,,,,,
湖南,湖南红网,http://www.rednet.cn/,,,,,
,华声在线,http://www.voc.com.cn/,,,,,
,三湘都市报,http://sxdsb.voc.com.cn/,,,,,
,星辰在线,http://www.changsha.cn/,,,,,
,湖南日报,http://epaper.voc.com.cn/hnrb/,,,,,
,潇湘晨报,http://www.xxcb.cn//,,,,,
,金鹰网,http://www.hunantv.com/,,,,,
,湖南网络广播,http://www.hnradio.com/,,,,,
,湖南信息港,http://2118.hn.vnet.cn/,,,,,
,长沙晚报,http://cswb.changsha.cn/CSWB/,,,,,
广西,广西新闻网,http://www.gxnews.com.cn/,,,,,
,广西电视网,http://www.gxtv.cn/,,,,,
,南国早报,http://ngzb.gxnews.com.cn/,,,,,
,南国今报,http://epaper.gxnews.com.cn/ngjb,,,,,
四川,四川新闻网,http://www.newssc.org/,,,,,
,华西都市报,http://www.wccdaily.com.cn/epaper/hxdsb/,,,,,
,成都商报,http://e.chengdu.cn/,,,,,
,四川广播电视台,http://www.sctv.com/,,,,,
,四川日报,http://epaper.scol.com.cn/scrb/,,,,,
,成都晚报,http://www.cdwb.com.cn/,,,,,
,天府早报,http://morning.scol.com.cn/,,,,,
,大成网,http://cd.qq.com/,,,,,
,成都日报,http://www.cdrb.com.cn/,,,,,
陕西,三秦都市报,http://www.sanqindaily.com/,,,,,
,古城热线,http://www.xaonline.com/,,,,,
,西安新闻网,http://www.xiancn.com/,,,,,
,陕西电视台,http://www.sxtvs.com/,,,,,
,陕西日报,http://www.sxdaily.com.cn/,,,,,
,华商网,http://www.hsw.cn/,,,,,
,西安热线,http://www.c029.com/,,,,,
,通网,http://www.allnet.cn/,,,,,
海南,海南在线,http://www.hainan.net/,,,,,
,南海网,http://www.hinews.cn/,,,,,
,海口网,http://www.hkwb.net/,,,,,
,海南特区报,http://www.hntqb.com/,,,,,
,海南日报,http://www.hndaily.com.cn/,,,,,
,海南电视台,http://www.bluehn.com/,,,,,
,南国都市报,http://ngdsb.hinews.cn/,,,,,
,海口广播电视台,http://www.haikoutv.com/,,,,,
,三亚晨报,http://www.sycb.com.cn/,,,,,
云南,云南网,http://www.yunnan.cn/,,,,,
,云南信息网,http://www.yninfo.com/,,,,,
,云南电视台,http://www.yntv.cn/,,,,,
,昆明日报,http://www.clzg.cn/wenhua/index.htm,,,,,
,春城晚报,http://ccwb.yunnan.cn/,,,,,
,云南信息报,http://www.ynxxb.com/,,,,,
,昆明信息港,http://www.kunming.cn/,,,,,
贵州,贵州信息港,http://www.gz163.cn/,,,,,
,金黔在线,http://www.gog.com.cn/,,,,,
,贵阳新闻网,http://www.gywb.cn/,,,,,
,贵州电视台,http://www.gzstv.com/,,,,,
,贵州日报,http://www.gog.com.cn/gzrb/,,,,,
甘肃,每日甘肃,http://www.gansudaily.com.cn/,,,,,
,兰州晨报,http://lzcb.gansudaily.com.cn/,,,,,
,中国甘肃网,http://www.gscn.com.cn/,,,,,
,甘肃电视台,http://www.gstv.com.cn/,,,,,
,甘肃日报,http://gsrb.gansudaily.com.cn/,,,,,
,西部商报,http://xbsb.gansudaily.com.cn/,,,,,
,甘肃法制报,http://gsfzb.gansudaily.com.cn/index.shtml,,,,,
新疆,天山网,http://www.tianshannet.com.cn/,,,,,
,乌鲁木齐在线,http://www.wlmqwb.com/,,,,,
,新疆电视台,http://www.xjtvs.com.cn/,,,,,
,新疆日报网,http://www.xjdaily.com.cn/,,,,,
,新疆新闻网,http://www.xj.chinanews.com.cn/Index.htm,,,,,
,新闻都市报,http://epaper.xjts.cn/,,,,,
青海,青海新闻网,http://www.qhnews.com/,,,,,
,青海广播网,http://www.qhradio.com/,,,,,
,中国藏族网通,http://www.tibet3.com/,,,,,
,西海都市报,http://epaper.tibet3.com/xhdsb/,,,,,
,青海日报,http://epaper.tibet3.com/,,,,,
宁夏,宁夏新闻网,http://www.nxnews.net/,,,,,
,宁夏网,http://www.nxnet.cn/,,,,,
,宁夏电视台,http://www.nxtv.com.cn/,,,,,
,宁夏之窗,http://www.nx.cninfo.net/,,,,,
,宁夏日报集团,http://szb.nxnet.cn/,,,,,
西藏,中国西藏新闻网,http://www.chinatibetnews.com/,,,,,
,中国西藏网,http://www.tibet.cn/,,,,,
,西藏日报,http://epaper.chinatibetnews.com/xzrb/,,,,,
,拉萨晚报,http://www.lasa-eveningnews.com.cn/,,,,,
,西藏电视台,http://www.tibetinfor.com/,,,,,
香港,星岛环球网,http://www.stnn.cc/,,,,,
,aTV亚视新闻,http://www.hkatvnews.com/v3/index.html,,,,,
,香港政府新闻网,http://www.news.gov.hk/tc/,,,,,
,香港新闻组,http://www.newsgroup.la/,,,,,
澳门,澳门广播电视,http://www.tdm.com.mo/,,,,,
,华侨报,http://www.vakiodaily.com/,,,,,
,新华澳报,http://www.waou.com.mo/index.asp,,,,,
台湾,PChome Online,http://www.pchome.com.tw/,,,,,
,你好台湾,http://www.nihaotw.com/,,,,,
,蕃薯藤,http://www.yam.com/,,,,,
,HiNet,http://www.hinet.net/,,,,,
,新浪台湾,http://www.sina.com.tw/,,,,,
,中国台湾网,http://www.chinataiwan.org/,,,,,
